age,kidney_blood_pressure,blood_glucose,blood_urea,serum_creatinine,hemoglobin,label
48.0,80.0,121.0,36.0,1.2,15.4,1
7.0,50.0,121.0,18.0,0.8,11.3,1
62.0,80.0,423.0,53.0,1.8,9.6,1
48.0,70.0,117.0,56.0,3.8,11.2,1
51.0,80.0,106.0,26.0,1.4,11.6,1
60.0,90.0,74.0,25.0,1.1,12.2,1
68.0,70.0,100.0,54.0,24.0,12.4,1
24.0,80.0,410.0,31.0,1.1,12.4,1
52.0,100.0,138.0,60.0,1.9,10.8,1
53.0,90.0,70.0,107.0,7.2,9.5,1
50.0,60.0,490.0,55.0,4.0,9.4,1
63.0,70.0,380.0,60.0,2.7,10.8,1
68.0,70.0,208.0,72.0,2.1,9.7,1
68.0,70.0,98.0,86.0,4.6,9.8,1
68.0,80.0,157.0,90.0,4.1,5.6,1
40.0,80.0,76.0,162.0,9.6,7.6,1
47.0,70.0,99.0,46.0,2.2,12.6,1
47.0,80.0,114.0,87.0,5.2,12.1,1
60.0,100.0,263.0,27.0,1.3,12.7,1
62.0,60.0,100.0,31.0,1.6,10.3,1
61.0,80.0,173.0,148.0,3.9,7.7,1
60.0,90.0,121.0,180.0,1.3,10.9,1
48.0,80.0,95.0,163.0,7.7,9.8,1
21.0,70.0,121.0,42.0,1.3,12.649999999999999,1
42.0,100.0,121.0,50.0,1.4,11.1,1
61.0,60.0,108.0,75.0,1.9,9.9,1
75.0,80.0,156.0,45.0,2.4,11.6,1
69.0,70.0,264.0,87.0,2.7,12.5,1
75.0,70.0,123.0,31.0,1.4,12.649999999999999,1
68.0,70.0,121.0,28.0,1.4,12.9,1
55.0,70.0,93.0,155.0,7.3,12.649999999999999,1
73.0,90.0,107.0,33.0,1.5,10.1,1
61.0,90.0,159.0,39.0,1.5,11.3,1
60.0,100.0,140.0,55.0,2.5,10.1,1
70.0,70.0,171.0,153.0,5.2,12.649999999999999,1
65.0,90.0,270.0,39.0,2.0,12.0,1
76.0,70.0,92.0,29.0,1.8,10.3,1
72.0,80.0,137.0,65.0,3.4,9.7,1
69.0,80.0,121.0,103.0,4.1,12.5,1
82.0,80.0,140.0,70.0,3.4,13.0,1
46.0,90.0,99.0,80.0,2.1,11.1,1
45.0,70.0,121.0,20.0,0.7,12.649999999999999,1
47.0,100.0,204.0,29.0,1.0,9.7,1
35.0,80.0,79.0,202.0,10.8,7.9,1
54.0,80.0,207.0,77.0,6.3,9.7,1
54.0,80.0,208.0,89.0,5.9,9.3,1
48.0,70.0,124.0,24.0,1.2,12.4,1
11.0,80.0,121.0,17.0,0.8,15.0,1
73.0,70.0,70.0,32.0,0.9,10.0,1
60.0,70.0,144.0,72.0,3.0,9.7,1
53.0,60.0,91.0,114.0,3.25,8.6,1
54.0,100.0,162.0,66.0,1.6,10.3,1
53.0,90.0,121.0,38.0,2.2,10.9,1
62.0,80.0,246.0,24.0,1.0,13.6,1
63.0,80.0,121.0,42.0,3.4,13.0,1
35.0,80.0,121.0,42.0,1.3,9.5,1
76.0,70.0,121.0,164.0,9.7,10.2,1
76.0,90.0,93.0,155.0,7.3,12.649999999999999,1
73.0,80.0,253.0,142.0,4.6,10.5,1
59.0,100.0,121.0,96.0,6.4,6.6,1
67.0,90.0,141.0,66.0,3.2,12.649999999999999,1
67.0,80.0,182.0,391.0,32.0,12.649999999999999,1
15.0,60.0,86.0,15.0,0.6,11.0,1
46.0,70.0,150.0,111.0,6.1,7.5,1
55.0,80.0,146.0,42.0,1.3,9.8,1
44.0,90.0,121.0,20.0,1.1,15.0,1
67.0,70.0,150.0,55.0,1.6,12.649999999999999,1
45.0,80.0,425.0,42.0,1.3,12.649999999999999,1
65.0,70.0,112.0,73.0,3.3,10.9,1
26.0,70.0,250.0,20.0,1.1,15.6,1
61.0,80.0,360.0,19.0,0.7,15.2,1
46.0,60.0,163.0,92.0,3.3,9.8,1
64.0,90.0,121.0,35.0,1.3,10.3,1
55.0,100.0,129.0,107.0,6.7,4.8,1
56.0,90.0,129.0,107.0,6.7,9.1,1
5.0,80.0,121.0,16.0,0.7,8.1,1
48.0,80.0,133.0,139.0,8.5,10.3,1
67.0,70.0,102.0,48.0,3.2,11.9,1
70.0,80.0,158.0,85.0,3.2,10.1,1
56.0,80.0,165.0,55.0,1.8,13.5,1
74.0,80.0,132.0,98.0,2.8,10.8,1
45.0,90.0,360.0,45.0,2.4,8.3,1
38.0,70.0,104.0,77.0,1.9,12.649999999999999,1
48.0,70.0,127.0,19.0,1.0,12.649999999999999,1
59.0,70.0,76.0,186.0,15.0,7.1,1
70.0,70.0,121.0,46.0,1.5,9.9,1
56.0,80.0,415.0,37.0,1.9,12.649999999999999,1
70.0,100.0,169.0,47.0,2.9,11.1,1
58.0,110.0,251.0,52.0,2.2,12.649999999999999,1
50.0,70.0,109.0,32.0,1.4,12.649999999999999,1
63.0,100.0,280.0,35.0,3.2,13.0,1
56.0,70.0,210.0,26.0,1.7,16.1,1
71.0,70.0,219.0,82.0,3.6,10.4,1
73.0,100.0,295.0,90.0,5.6,9.2,1
65.0,70.0,93.0,66.0,1.6,11.6,1
62.0,90.0,94.0,25.0,1.1,12.649999999999999,1
60.0,80.0,172.0,32.0,2.7,11.2,1
65.0,60.0,91.0,51.0,2.2,10.0,1
50.0,140.0,101.0,106.0,6.5,6.2,1
56.0,180.0,298.0,24.0,1.2,11.2,1
34.0,70.0,153.0,22.0,0.9,12.649999999999999,1
71.0,90.0,88.0,80.0,4.4,11.3,1
17.0,60.0,92.0,32.0,2.1,13.9,1
76.0,70.0,226.0,217.0,10.2,10.2,1
55.0,90.0,143.0,88.0,2.0,12.649999999999999,1
65.0,80.0,115.0,32.0,11.5,14.1,1
50.0,90.0,89.0,118.0,6.1,6.0,1
55.0,100.0,297.0,53.0,2.8,11.2,1
45.0,80.0,107.0,15.0,1.0,11.8,1
54.0,70.0,233.0,50.1,1.9,11.7,1
63.0,90.0,123.0,19.0,2.0,11.7,1
65.0,80.0,294.0,71.0,4.4,10.0,1
55.0,60.0,121.0,34.0,1.2,10.8,1
61.0,90.0,121.0,42.0,1.3,12.649999999999999,1
12.0,60.0,121.0,51.0,1.8,12.1,1
47.0,80.0,121.0,28.0,0.9,12.4,1
55.0,70.0,104.0,16.0,0.5,12.649999999999999,1
55.0,70.0,219.0,36.0,1.3,12.5,1
55.0,70.0,99.0,25.0,1.2,11.4,1
60.0,70.0,140.0,27.0,1.2,12.649999999999999,1
72.0,90.0,323.0,40.0,2.2,12.6,1
54.0,60.0,125.0,21.0,1.3,15.0,1
34.0,70.0,121.0,219.0,12.2,6.0,1
43.0,80.0,121.0,30.0,1.1,14.0,1
65.0,100.0,90.0,98.0,2.5,9.1,1
72.0,90.0,308.0,36.0,2.5,12.649999999999999,1
70.0,90.0,144.0,125.0,4.0,12.0,1
71.0,60.0,118.0,125.0,5.3,11.4,1
52.0,90.0,224.0,166.0,5.6,8.1,1
75.0,70.0,158.0,49.0,1.4,11.1,1
50.0,90.0,128.0,208.0,9.2,8.2,1
5.0,50.0,121.0,25.0,0.6,11.8,1
50.0,80.0,219.0,176.0,13.8,8.6,1
70.0,100.0,118.0,125.0,5.3,12.0,1
47.0,100.0,122.0,42.0,16.9,10.8,1
48.0,80.0,214.0,24.0,1.3,13.2,1
46.0,90.0,213.0,68.0,2.8,9.3,1
45.0,60.0,268.0,86.0,4.0,10.0,1
73.0,80.0,95.0,51.0,1.6,12.649999999999999,1
41.0,70.0,121.0,68.0,2.8,11.1,1
69.0,70.0,256.0,40.0,1.2,12.649999999999999,1
67.0,70.0,121.0,106.0,6.0,6.1,1
72.0,90.0,84.0,145.0,7.1,12.649999999999999,1
41.0,80.0,210.0,165.0,18.0,12.649999999999999,1
60.0,90.0,105.0,53.0,2.3,11.1,1
57.0,90.0,121.0,322.0,13.0,8.0,1
53.0,100.0,213.0,23.0,1.0,12.649999999999999,1
60.0,60.0,288.0,36.0,1.7,7.9,1
69.0,60.0,171.0,26.0,48.1,12.649999999999999,1
65.0,70.0,139.0,29.0,1.0,10.5,1
8.0,60.0,78.0,27.0,0.9,12.3,1
76.0,90.0,172.0,46.0,1.7,9.6,1
39.0,70.0,121.0,20.0,0.8,10.9,1
55.0,90.0,273.0,235.0,14.2,8.3,1
56.0,90.0,242.0,132.0,16.4,8.4,1
50.0,70.0,123.0,40.0,1.8,11.1,1
66.0,90.0,153.0,76.0,3.3,12.649999999999999,1
62.0,70.0,122.0,42.0,1.7,12.6,1
71.0,60.0,424.0,48.0,1.5,10.9,1
59.0,80.0,303.0,35.0,1.3,10.4,1
81.0,60.0,148.0,39.0,2.1,10.9,1
62.0,80.0,121.0,42.0,1.3,14.3,1
59.0,70.0,204.0,34.0,1.5,9.8,1
46.0,80.0,160.0,40.0,2.0,9.0,1
14.0,80.0,192.0,15.0,0.8,14.3,1
60.0,80.0,121.0,42.0,1.3,12.649999999999999,1
27.0,60.0,76.0,44.0,3.9,12.649999999999999,1
34.0,70.0,139.0,19.0,0.9,12.7,1
65.0,70.0,307.0,28.0,1.5,11.0,1
55.0,70.0,220.0,68.0,2.8,8.7,1
66.0,70.0,447.0,41.0,1.7,12.5,1
83.0,70.0,102.0,60.0,2.6,8.7,1
62.0,80.0,309.0,113.0,2.9,10.6,1
17.0,70.0,22.0,1.5,7.3,13.1,1
54.0,70.0,111.0,146.0,7.5,11.0,1
60.0,50.0,261.0,58.0,2.2,12.649999999999999,1
21.0,90.0,107.0,40.0,1.7,8.3,1
65.0,80.0,215.0,133.0,2.5,13.2,1
42.0,90.0,93.0,153.0,2.7,9.8,1
72.0,90.0,124.0,53.0,2.3,11.9,1
73.0,90.0,234.0,56.0,1.9,10.3,1
45.0,70.0,117.0,52.0,2.2,10.0,1
61.0,80.0,131.0,23.0,0.8,11.3,1
30.0,70.0,101.0,106.0,6.5,12.649999999999999,1
54.0,60.0,352.0,137.0,3.3,11.3,1
4.0,80.0,99.0,23.0,0.6,12.0,1
8.0,50.0,121.0,46.0,1.0,12.649999999999999,1
3.0,80.0,121.0,22.0,0.7,10.7,1
8.0,80.0,80.0,66.0,2.5,12.2,1
64.0,60.0,239.0,58.0,4.3,9.5,1
6.0,60.0,94.0,67.0,1.0,9.9,1
55.0,70.0,110.0,115.0,6.0,9.1,1
46.0,110.0,130.0,16.0,0.9,12.649999999999999,1
32.0,90.0,121.0,223.0,18.1,5.5,1
80.0,70.0,121.0,49.0,1.2,12.649999999999999,1
70.0,90.0,184.0,98.6,3.3,5.8,1
49.0,100.0,129.0,158.0,11.8,8.1,1
57.0,80.0,121.0,111.0,9.3,6.8,1
59.0,100.0,252.0,40.0,3.2,11.2,1
65.0,80.0,92.0,37.0,1.5,8.8,1
90.0,90.0,139.0,89.0,3.0,12.0,1
64.0,70.0,113.0,94.0,7.3,7.9,1
78.0,60.0,114.0,74.0,2.9,8.0,1
55.0,90.0,207.0,80.0,6.8,8.5,1
65.0,90.0,172.0,82.0,13.5,8.8,1
61.0,70.0,100.0,28.0,2.1,12.6,1
60.0,70.0,109.0,96.0,3.9,13.8,1
50.0,70.0,230.0,50.0,2.2,12.0,1
67.0,80.0,341.0,37.0,1.5,12.3,1
19.0,70.0,121.0,42.0,1.3,11.5,1
59.0,100.0,255.0,132.0,12.8,7.3,1
54.0,120.0,103.0,18.0,1.2,12.649999999999999,1
40.0,70.0,253.0,150.0,11.9,10.9,1
55.0,80.0,214.0,73.0,3.9,10.9,1
68.0,80.0,171.0,30.0,1.0,13.7,1
2.0,80.0,121.0,42.0,1.3,12.649999999999999,1
64.0,70.0,107.0,15.0,1.3,12.8,1
63.0,100.0,78.0,61.0,1.8,12.2,1
33.0,90.0,92.0,19.0,0.8,11.8,1
68.0,90.0,238.0,57.0,2.5,9.8,1
36.0,80.0,103.0,42.0,1.3,11.9,1
66.0,70.0,248.0,30.0,1.7,12.649999999999999,1
74.0,60.0,108.0,68.0,1.8,12.649999999999999,1
71.0,90.0,303.0,30.0,1.3,13.0,1
34.0,60.0,117.0,28.0,2.2,12.649999999999999,1
60.0,90.0,490.0,95.0,2.7,11.5,1
64.0,100.0,163.0,54.0,7.2,7.9,1
57.0,80.0,120.0,48.0,1.6,11.3,1
60.0,70.0,124.0,52.0,2.5,12.649999999999999,1
59.0,50.0,241.0,191.0,12.0,9.6,1
65.0,60.0,192.0,17.0,1.7,12.649999999999999,1
60.0,90.0,269.0,51.0,2.8,11.5,1
50.0,90.0,121.0,42.0,1.3,12.649999999999999,1
51.0,100.0,93.0,20.0,1.6,12.649999999999999,1
37.0,100.0,121.0,19.0,1.3,15.0,1
45.0,70.0,113.0,93.0,2.3,7.9,1
65.0,80.0,74.0,66.0,2.0,9.1,1
80.0,70.0,141.0,53.0,2.2,12.7,1
72.0,100.0,201.0,241.0,13.4,9.4,1
34.0,90.0,104.0,50.0,1.6,11.9,1
65.0,70.0,203.0,46.0,1.4,11.4,1
57.0,70.0,165.0,45.0,1.5,10.4,1
69.0,70.0,214.0,96.0,6.3,9.4,1
62.0,90.0,169.0,48.0,2.4,13.4,1
64.0,90.0,463.0,64.0,2.8,12.2,1
48.0,100.0,103.0,79.0,5.3,6.3,1
48.0,110.0,106.0,215.0,15.2,8.6,1
54.0,90.0,150.0,18.0,1.2,12.649999999999999,1
59.0,70.0,424.0,55.0,1.7,12.6,1
56.0,90.0,176.0,309.0,13.3,3.1,1
40.0,80.0,140.0,10.0,1.2,15.0,0
23.0,80.0,70.0,36.0,1.0,17.0,0
45.0,80.0,82.0,49.0,0.6,15.9,0
57.0,80.0,119.0,17.0,1.2,15.4,0
51.0,60.0,99.0,38.0,0.8,13.0,0
34.0,80.0,121.0,27.0,1.2,13.6,0
60.0,80.0,131.0,10.0,0.5,14.5,0
38.0,60.0,91.0,36.0,0.7,14.0,0
42.0,80.0,98.0,20.0,0.5,13.9,0
35.0,80.0,104.0,31.0,1.2,16.1,0
30.0,80.0,131.0,38.0,1.0,14.1,0
49.0,80.0,122.0,32.0,1.2,17.0,0
55.0,80.0,118.0,18.0,0.9,15.5,0
45.0,80.0,117.0,46.0,1.2,16.2,0
42.0,80.0,132.0,24.0,0.7,14.4,0
50.0,80.0,97.0,40.0,0.6,14.2,0
55.0,80.0,133.0,17.0,1.2,13.2,0
48.0,80.0,122.0,33.0,0.9,13.9,0
55.0,80.0,100.0,49.0,1.0,16.3,0
25.0,80.0,121.0,19.0,1.2,15.0,0
23.0,80.0,111.0,34.0,1.1,14.3,0
30.0,80.0,96.0,25.0,0.5,13.8,0
56.0,80.0,139.0,15.0,1.2,14.8,0
47.0,80.0,95.0,35.0,0.9,12.649999999999999,0
19.0,80.0,107.0,23.0,0.7,14.4,0
52.0,80.0,125.0,22.0,1.2,16.5,0
20.0,60.0,121.0,42.0,1.3,14.0,0
46.0,60.0,123.0,46.0,1.0,15.7,0
48.0,60.0,112.0,44.0,1.2,14.5,0
24.0,70.0,140.0,23.0,0.6,16.3,0
47.0,80.0,93.0,33.0,0.9,13.3,0
55.0,80.0,130.0,50.0,1.2,15.5,0
20.0,70.0,123.0,44.0,1.0,14.6,0
60.0,70.0,121.0,42.0,1.3,16.4,0
33.0,80.0,100.0,37.0,1.2,16.9,0
66.0,70.0,94.0,19.0,0.7,16.0,0
71.0,70.0,81.0,18.0,0.8,14.7,0
39.0,70.0,124.0,22.0,0.6,13.4,0
56.0,70.0,70.0,46.0,1.2,15.9,0
42.0,70.0,93.0,32.0,0.9,16.6,0
54.0,70.0,76.0,28.0,0.6,14.8,0
47.0,80.0,124.0,44.0,1.0,14.9,0
30.0,80.0,89.0,42.0,0.5,16.7,0
50.0,80.0,92.0,19.0,1.2,14.9,0
75.0,60.0,110.0,50.0,0.7,14.3,0
44.0,70.0,106.0,25.0,0.9,15.0,0
41.0,70.0,125.0,38.0,0.6,16.8,0
53.0,60.0,116.0,26.0,1.0,15.8,0
34.0,60.0,91.0,49.0,1.2,13.5,0
73.0,60.0,127.0,48.0,0.5,15.1,0
45.0,60.0,114.0,26.0,0.7,15.0,0
44.0,60.0,96.0,33.0,0.9,16.9,0
29.0,70.0,127.0,44.0,1.2,14.8,0
55.0,70.0,107.0,26.0,1.1,17.0,0
33.0,80.0,128.0,38.0,0.6,13.1,0
41.0,80.0,122.0,25.0,0.8,17.1,0
52.0,80.0,128.0,30.0,1.2,15.2,0
47.0,60.0,137.0,17.0,0.5,13.6,0
43.0,80.0,81.0,46.0,0.6,13.9,0
51.0,60.0,129.0,25.0,1.2,17.2,0
46.0,60.0,102.0,27.0,0.7,13.2,0
56.0,60.0,132.0,18.0,1.1,13.7,0
80.0,70.0,121.0,42.0,1.3,15.3,0
55.0,80.0,104.0,28.0,0.9,17.3,0
39.0,70.0,131.0,46.0,0.6,15.6,0
44.0,70.0,121.0,42.0,1.3,13.8,0
35.0,80.0,99.0,30.0,0.5,15.4,0
58.0,70.0,102.0,48.0,1.2,15.0,0
61.0,70.0,120.0,29.0,0.7,17.4,0
30.0,60.0,138.0,15.0,1.1,12.649999999999999,0
57.0,60.0,105.0,49.0,1.2,15.7,0
65.0,60.0,109.0,39.0,1.0,13.9,0
70.0,60.0,120.0,40.0,0.5,16.0,0
43.0,80.0,130.0,30.0,1.1,15.9,0
40.0,80.0,119.0,15.0,0.7,12.649999999999999,0
58.0,80.0,100.0,50.0,1.2,14.0,0
47.0,60.0,109.0,25.0,1.1,15.8,0
30.0,60.0,120.0,31.0,0.8,13.4,0
28.0,70.0,131.0,29.0,0.6,12.649999999999999,0
33.0,60.0,80.0,25.0,0.9,14.1,0
43.0,80.0,114.0,32.0,1.1,12.649999999999999,0
59.0,70.0,130.0,39.0,0.7,13.5,0
34.0,70.0,121.0,33.0,1.0,15.3,0
23.0,80.0,99.0,46.0,1.2,17.7,0
24.0,80.0,125.0,42.0,1.3,15.4,0
60.0,60.0,134.0,45.0,0.5,14.2,0
25.0,60.0,119.0,27.0,0.5,15.2,0
44.0,70.0,92.0,40.0,0.9,14.0,0
62.0,80.0,132.0,34.0,0.8,17.8,0
25.0,70.0,88.0,42.0,0.5,13.3,0
32.0,70.0,100.0,29.0,1.1,14.3,0
63.0,70.0,130.0,37.0,0.9,13.4,0
44.0,60.0,95.0,46.0,0.5,15.0,0
37.0,60.0,111.0,35.0,0.8,16.2,0
64.0,60.0,106.0,27.0,0.7,14.4,0
22.0,60.0,97.0,18.0,1.2,13.5,0
33.0,60.0,130.0,41.0,0.9,15.5,0
43.0,60.0,108.0,25.0,1.0,17.8,0
38.0,80.0,99.0,19.0,0.5,13.6,0
35.0,70.0,82.0,36.0,1.1,14.5,0
65.0,70.0,85.0,20.0,1.0,16.1,0
29.0,80.0,83.0,49.0,0.9,17.5,0
37.0,60.0,109.0,47.0,1.1,15.0,0
39.0,60.0,86.0,37.0,0.6,13.6,0
32.0,60.0,102.0,17.0,0.4,14.6,0
23.0,60.0,95.0,24.0,0.8,15.0,0
34.0,70.0,87.0,38.0,0.5,17.1,0
66.0,70.0,107.0,16.0,1.1,13.6,0
47.0,60.0,117.0,22.0,1.2,13.0,0
74.0,60.0,88.0,50.0,0.6,17.2,0
35.0,60.0,105.0,39.0,0.5,14.7,0
29.0,80.0,70.0,16.0,0.7,13.7,0
33.0,80.0,89.0,19.0,1.1,15.0,0
67.0,80.0,99.0,40.0,0.5,17.8,0
73.0,80.0,118.0,44.0,0.7,14.8,0
24.0,80.0,93.0,46.0,1.0,12.649999999999999,0
60.0,80.0,81.0,15.0,0.5,15.0,0
68.0,60.0,125.0,41.0,1.1,17.4,0
30.0,80.0,82.0,42.0,0.7,14.9,0
75.0,70.0,107.0,48.0,0.8,13.6,0
69.0,70.0,83.0,42.0,1.2,16.2,0
28.0,60.0,79.0,50.0,0.5,17.6,0
72.0,60.0,109.0,26.0,0.9,15.0,0
61.0,70.0,133.0,38.0,1.0,13.7,0
79.0,80.0,111.0,44.0,1.2,16.3,0
70.0,80.0,74.0,41.0,0.5,15.1,0
58.0,70.0,88.0,16.0,1.1,16.4,0
64.0,70.0,97.0,27.0,0.7,13.8,0
71.0,60.0,121.0,42.0,0.9,15.2,0
62.0,80.0,78.0,45.0,0.6,16.1,0
59.0,60.0,113.0,23.0,1.1,15.3,0
71.0,70.0,79.0,47.0,0.5,16.6,0
48.0,80.0,75.0,22.0,0.8,16.8,0
80.0,80.0,119.0,46.0,0.7,13.9,0
57.0,60.0,132.0,18.0,1.1,15.4,0
63.0,70.0,113.0,25.0,0.6,16.5,0
46.0,70.0,100.0,47.0,0.5,16.4,0
15.0,80.0,93.0,17.0,0.9,16.7,0
51.0,80.0,94.0,15.0,1.2,15.5,0
41.0,80.0,112.0,48.0,0.7,17.0,0
52.0,80.0,99.0,25.0,0.8,15.0,0
36.0,80.0,85.0,16.0,1.1,15.6,0
57.0,80.0,133.0,48.0,1.2,14.8,0
43.0,60.0,117.0,45.0,0.7,13.0,0
50.0,80.0,137.0,46.0,0.8,14.1,0
55.0,80.0,140.0,49.0,0.5,15.7,0
42.0,70.0,75.0,31.0,1.2,16.5,0
12.0,80.0,100.0,26.0,0.6,15.8,0
17.0,60.0,114.0,50.0,1.0,14.2,0
58.0,80.0,131.0,18.0,1.1,15.8,0
